{
  "minecraft:recipes/transportation/acacia_boat": {
    "criteria": {
      "entered_water": "2024-06-12 13:49:43 +0000"
    },
    "done": true
  },
  "minecraft:recipes/transportation/dark_oak_boat": {
    "criteria": {
      "entered_water": "2024-06-12 13:49:43 +0000"
    },
    "done": true
  },
  "minecraft:recipes/transportation/birch_boat": {
    "criteria": {
      "entered_water": "2024-06-12 13:49:43 +0000"
    },
    "done": true
  },
  "minecraft:recipes/transportation/boat": {
    "criteria": {
      "entered_water": "2024-06-12 13:49:43 +0000"
    },
    "done": true
  },
  "minecraft:recipes/transportation/jungle_boat": {
    "criteria": {
      "entered_water": "2024-06-12 13:49:43 +0000"
    },
    "done": true
  },
  "minecraft:recipes/transportation/spruce_boat": {
    "criteria": {
      "entered_water": "2024-06-12 13:49:43 +0000"
    },
    "done": true
  },
  "minecraft:adventure/adventuring_time": {
    "criteria": {
      "forest": "2024-06-12 13:51:46 +0000",
      "birch_forest": "2024-06-12 13:52:07 +0000",
      "forest_hills": "2024-06-12 13:48:48 +0000",
      "savanna": "2024-06-12 13:48:51 +0000",
      "plains": "2024-06-12 13:48:20 +0000",
      "river": "2024-06-12 13:49:43 +0000",
      "desert": "2024-06-12 13:51:01 +0000"
    },
    "done": false
  }
}